label,n_total,n_positive,positive_rate,wrong_cv_roc_auc,wrong_cv_pr_auc,correct_cv_roc_auc,correct_cv_pr_auc,heldout_roc_auc,heldout_pr_auc,random_pr_baseline,precision_at_50
kpop_strict_artist_title,11009,232,0.021073666999727497,0.9992240887835537,0.9992984445566018,0.7239669314596975,0.11432631444536459,0.7051958135032669,0.18173111232349867,0.02089009990917348,0.12
kpop_loose_title_only,11009,850,0.07720955581796712,0.9850961370510273,0.9875895192851706,0.6494697369666004,0.1818378984747039,0.6469661880500231,0.19868264379624762,0.07720254314259764,0.38
spotify_popularity_proxy,62317,6239,0.10011714299468845,0.9673500456130034,0.971101557924405,0.7208330435577743,0.2512507047007373,0.7361009426780424,0.25874124395573694,0.10012836970474968,0.4
