label,n_total,n_positive,positive_rate,wrong_cv_roc_auc,wrong_cv_pr_auc,correct_cv_roc_auc,correct_cv_pr_auc,heldout_roc_auc,heldout_pr_auc,random_pr_baseline,precision_at_50
kpop_strict_artist_title,11009,262,0.023798710146243983,0.9990897021873101,0.9991630257864742,0.7669466106450156,0.18230357412028003,0.7144051878354204,0.11390826982497992,0.023614895549500452,0.14
kpop_loose_title_only,11009,850,0.07720955581796712,0.9850961370510273,0.9875895192851706,0.6786344823651858,0.21993617414764594,0.6413675312644743,0.23042429929942584,0.07720254314259764,0.46
spotify_popularity_proxy,62317,6239,0.10011714299468845,0.9673500456130034,0.971101557924405,0.7286715864548345,0.26314088737203006,0.7433755278059732,0.26504582639894836,0.10012836970474968,0.44
