label,n_total,n_positive,positive_rate,wrong_cv_roc_auc,wrong_cv_pr_auc,correct_cv_roc_auc,correct_cv_pr_auc,group_cv_roc_auc,group_cv_pr_auc,heldout_roc_auc,heldout_pr_auc,random_pr_baseline,precision_at_50
kpop_strict_artist_title,11009,29,0.002634208374965937,0.9999846397010723,0.9999841871674647,0.7397963823197287,0.1899664119081175,0.5752611069826303,0.011421681827901401,0.6075440194292654,0.00510940585304693,0.0027247956403269754,0.0
kpop_loose_title_only,11009,61,0.005540921064583522,0.9999514991856188,0.999953059016949,0.7237000582547453,0.13725505727282633,0.6734681785979275,0.021877263915754456,0.8143264840182649,0.27420988872591245,0.005449591280653951,0.08
