label,n_total,n_positive,positive_rate,wrong_cv_roc_auc,wrong_cv_pr_auc,correct_cv_roc_auc,correct_cv_pr_auc,group_cv_roc_auc,group_cv_pr_auc,heldout_roc_auc,heldout_pr_auc,random_pr_baseline,precision_at_50
strict_all_years_artist_title,11009,262,0.023798710146243983,0.9990897021873101,0.9991630257864742,0.7669466106450156,0.18230357412028003,0.677486240317608,0.05394280649752851,0.7144051878354204,0.11390826982497992,0.023614895549500452,0.14
loose_all_years_title_only,11009,850,0.07720955581796712,0.9850961370510273,0.9875895192851706,0.6786344823651858,0.21993617414764594,0.6296068441949394,0.13885916108673313,0.6413675312644743,0.23042429929942584,0.07720254314259764,0.46
spotify_popularity_proxy_top30,62317,19376,0.3109263924771732,0.8732246342267288,0.8824906967656438,0.7517062803594833,0.5853380914370954,0.6620649384347927,0.46061381156034764,0.7507833200004508,0.5837393939515777,0.310895378690629,0.74
